Timestamp,Language,Prompt,Model_A_Name,Model_B_Name,Output_A,Output_B,Swapped,Winner_Position,Winner_Source
2025-11-28 09:59:48.669238,Swedish,Det var en gång en guldfisk som älskade choklad och banan. En morgon,MultiSynt/nemotron-cc-swedish-tower9b,HPLT/hplt2c_swe_checkpoints,"Det var en gång en guldfisk som älskade choklad och banan. En morgon vaknade han upp till att hans guldfiskvärld stod i lågor. Hans chokladkaka och banan blev stulna av en svart katt som hade förklätt sig till en mus. Efter att ha blivit jagad över hela världen av katten och musen, hittar guldfisken äntligen sin väg hem och möter sin bästa vän, en hund, på vägen.

Varje dag ser vi fram emot att se hur det går för våra husdjur och deras hälsa. Många människor ger sina husdjur den bästa maten och håller dem inomhus under dagen, men har du någonsin tänkt på vad ditt husdjurs kost består av? Det finns mycket mer med din hunds eller katts kost än bara maten de äter. Förutom maten kan det också finnas mediciner och vitaminer som ges till djuret för att hålla det friskt. Hus","Det var en gång en guldfisk som älskade choklad och banan. En morgon kom den till sin pappa som sa att han måste gå ut i köket och se om det fanns några ägg i hans frukostmüsli.
- Det finns bara ett ägg, svarade guldfisken. Det är inte ditt!
När de gick till pappan för att berätta vad som hänt blev de såklart inte trodda. Det är ju pappa som gjort fel! Men när de gick hemifrån var ägget borta.
Så här fortsätter historien tills guldfisken blir riktigt arg. Den slänger sig framför pappan, trampar honom på foten och skriker:
- Pappa! Du har dödat min son!
Författare: Lena Lilleste
ISBN: 9789129690544",False,Left,MultiSynt
2025-11-28 10:15:03.074225,Swedish,"De bästa sevärdheterna i Stockholm är mycket populära, så du kommer att ha svårt att välja bara en eller två sevärdheter.",MultiSynt/nemotron-cc-swedish-tower72b,HPLT/hplt2c_swe_checkpoints,"De bästa sevärdheterna i Stockholm är mycket populära, så du kommer att ha svårt att välja bara en eller två sevärdheter.

Men det finns några som är värda ett besök för sig själva. Till exempel Stockholmsoperan och Kungliga slottet.

Det är också värt att se Skansen, ett friluftsmuseum med gamla träbyggnader från 1600-talet. Det ligger nära Kungliga slottet. Du kan hitta mer information om museerna på vår sida om Stockholm.

Om du har ont om tid kan du också prova att vandra längs Stockholms skogsväg. Denna vandring tar dig till ett antal pittoreska platser i staden. Det finns många av dessa stigar runt om i Stockholm.

Stockholm är också känd för sina många parker och trädgårdar. Parken vid Stockholms zoo är särskilt populär bland turister. Många andra parker finns också runt om i staden.

Staden har ett bra transportsystem, vilket gör det enkelt","De bästa sevärdheterna i Stockholm är mycket populära, så du kommer att ha svårt att välja bara en eller två sevärdheter. Det är därför vi har gjort en lista över de 25 bästa sevärdheterna i Stockholm för att ge dig den ultimata guiden till Stockholms bästa sevärdheter.
Här är våra toppval av de 25 bästa sevärdheterna i Stockholm:
1. Gamla stan (Stockholm)
Gamla stan är en av de mest kända och besökta sevärdheterna i Stockholm, och det finns ingen bättre plats att börja din sightseeing på än den här historiska platsen. Gamla stan ligger mitt i staden, vilket gör den till en perfekt startpunkt för sightseeing, oavsett om du planerar att utforska hela Gamla stan eller bara några av dess distrikt.
Denna stadskärna har flera viktiga landmärken som Riddarholmen och Stortorget, som båda ligger inom gångavstånd från Gamla stan.
Dessutom erbjuder Gamla",False,Left,MultiSynt
2025-11-28 10:15:19.297291,Swedish,"De bästa sevärdheterna i Stockholm är mycket populära, så du kommer att ha svårt att välja bara en eller två sevärdheter.",MultiSynt/nemotron-cc-swedish-tower72b,HPLT/hplt2c_swe_checkpoints,"De bästa sevärdheterna i Stockholm är mycket populära, så du kommer att ha svårt att välja bara en eller två sevärdheter.

Men det finns några som är värda ett besök för sig själva. Till exempel Stockholmsoperan och Kungliga slottet.

Det är också värt att se Skansen, ett friluftsmuseum med gamla träbyggnader från 1600-talet. Det ligger nära Kungliga slottet. Du kan hitta mer information om museerna på vår sida om Stockholm.

Om du har ont om tid kan du också prova att vandra längs Stockholms skogsväg. Denna vandring tar dig till ett antal pittoreska platser i staden. Det finns många av dessa stigar runt om i Stockholm.

Stockholm är också känd för sina många parker och trädgårdar. Parken vid Stockholms zoo är särskilt populär bland turister. Många andra parker finns också runt om i staden.

Staden har ett bra transportsystem, vilket gör det enkelt","De bästa sevärdheterna i Stockholm är mycket populära, så du kommer att ha svårt att välja bara en eller två sevärdheter. Det är därför vi har gjort en lista över de 25 bästa sevärdheterna i Stockholm för att ge dig den ultimata guiden till Stockholms bästa sevärdheter.
Här är våra toppval av de 25 bästa sevärdheterna i Stockholm:
1. Gamla stan (Stockholm)
Gamla stan är en av de mest kända och besökta sevärdheterna i Stockholm, och det finns ingen bättre plats att börja din sightseeing på än den här historiska platsen. Gamla stan ligger mitt i staden, vilket gör den till en perfekt startpunkt för sightseeing, oavsett om du planerar att utforska hela Gamla stan eller bara några av dess distrikt.
Denna stadskärna har flera viktiga landmärken som Riddarholmen och Stortorget, som båda ligger inom gångavstånd från Gamla stan.
Dessutom erbjuder Gamla",False,Left,MultiSynt
2025-11-28 10:55:56.038055,Finnish,"Terve, miten menee?",MultiSynt/nemotron-cc-finnish-tower9b,HPLT/hplt2c_fin_checkpoints,"Terve, miten menee?

2018-04-06 15:36:27

Hei! Miten voit tänään? Toivon sinulle hyvää terveyttä ja onnellisuutta. Miten voit?","Terve, miten menee?
Terve, miten menee? -palvelun kautta voit kysyä ja keskustella terveydestäsi tai hyvinvoinnistasi. Kysymyksiin vastaavat terveydenhuollon ammattilaiset.
Miksi terveyskysely on olemassa?
Terveyskyselyn avulla voit selvittää, millaista tukea ja apua tarvitset voidaksesi paremmin. Kyselyssä kartoitetaan mm. elintapoja, terveystottumuksia, sosiaalista tilannetta, koettua terveyttä ja voimavaroja sekä työ- ja toimintakykyä.
Miten täytän terveyskyselyn?
Voit täyttää kyselyn tietokoneella, tabletilla tai älypuhelimella. Voit myös tulostaa lomakkeen paperille. Tulosteesta ei voi tunnistaa sinua henkilökoht",True,Left,HPLT
2025-11-28 10:56:25.602809,Finnish,"Terve, miten menee?",MultiSynt/nemotron-cc-finnish-tower9b,HPLT/hplt2c_fin_checkpoints,"Terve, miten menee?

2018-04-06 15:36:27

Hei! Miten voit tänään? Toivon sinulle hyvää terveyttä ja onnellisuutta. Miten voit?","Terve, miten menee?
Terve, miten menee? -palvelun kautta voit kysyä ja keskustella terveydestäsi tai hyvinvoinnistasi. Kysymyksiin vastaavat terveydenhuollon ammattilaiset.
Miksi terveyskysely on olemassa?
Terveyskyselyn avulla voit selvittää, millaista tukea ja apua tarvitset voidaksesi paremmin. Kyselyssä kartoitetaan mm. elintapoja, terveystottumuksia, sosiaalista tilannetta, koettua terveyttä ja voimavaroja sekä työ- ja toimintakykyä.
Miten täytän terveyskyselyn?
Voit täyttää kyselyn tietokoneella, tabletilla tai älypuhelimella. Voit myös tulostaa lomakkeen paperille. Tulosteesta ei voi tunnistaa sinua henkilökoht",True,Left,HPLT
